Workbook

Sheet query
A1: desa | B1: level_6_full_code | C1: Nama Petugas | D1: usaha_tidak_ditemukan | E1: usaha_ditemukan | F1: usaha_baru | G1: usaha_tutup | H1: usaha_ganda | I1: tidak_ditemukan | J1: ditemukan | K1: keluarga_baru | L1: meninggal | M1: tidak_eligible | N1: tidak_dapat_ditemui | O1: rumah_tunggal | P1: rumah_deret | Q1: rumah_susun | R1: apartemen | S1: lainnya | T1: usaha ditemukan+baru | U1: keluarga ditemukan+baru | V1: Total
A2: [001] GUNUNG MAKMUR | B2: 6409010001000100 | C2: =_xlfn.XLOOKUP(B2,user_prelist!B:B,user_prelist!E:E,"") -> LISTYA SRI SUSANTI | D2: 1 | E2: 0 | F2: 0 | G2: 1 | H2: 0 | I2: 0 | J2: 1 | K2: 1 | L2: 0 | M2: 0 | N2: 0 | O2: 2 | P2: 0 | Q2: 0 | R2: 0 | S2: 0 | T2: =SUM(E2:F2) -> 0 | U2: =SUM(J2:K2) -> 2 | V2: =SUM(T2:U2) -> 2
A3: [001] GUNUNG MAKMUR | B3: 6409010001000300 | C3: =_xlfn.XLOOKUP(B3,user_prelist!B:B,user_prelist!E:E,"") -> LISTYA SRI SUSANTI | D3: 3 | E3: 0 | F3: 3 | G3: 1 | H3: 0 | I3: 2 | J3: 3 | K3: 0 | L3: 0 | M3: 0 | N3: 0 | O3: 3 | P3: 0 | Q3: 0 | R3: 0 | S3: 0 | T3: =SUM(E3:F3) -> 3 | U3: =SUM(J3:K3) -> 3 | V3: =SUM(T3:U3) -> 6
A4: [001] GUNUNG MAKMUR | B4: 6409010001000800 | C4: =_xlfn.XLOOKUP(B4,user_prelist!B:B,user_prelist!E:E,"") -> Shelmeina Sutinah | D4: 0 | E4: 0 | F4: 13 | G4: 0 | H4: 0 | I4: 0 | J4: 0 | K4: 1 | L4: 0 | M4: 0 | N4: 0 | O4: 1 | P4: 0 | Q4: 0 | R4: 0 | S4: 0 | T4: =SUM(E4:F4) -> 13 | U4: =SUM(J4:K4) -> 1 | V4: =SUM(T4:U4) -> 14
A5: [001] GUNUNG MAKMUR | B5: 6409010001001400 | C5: =_xlfn.XLOOKUP(B5,user_prelist!B:B,user_prelist!E:E,"") -> Shelmeina Sutinah | D5: 0 | E5: 1 | F5: 0 | G5: 0 | H5: 0 | I5: 0 | J5: 1 | K5: 0 | L5: 0 | M5: 0 | N5: 0 | O5: 1 | P5: 0 | Q5: 0 | R5: 0 | S5: 0 | T5: =SUM(E5:F5) -> 1 | U5: =SUM(J5:K5) -> 1 | V5: =SUM(T5:U5) -> 2
A6: [002] GUNUNG INTAN | B6: 6409010002000300 | C6: =_xlfn.XLOOKUP(B6,user_prelist!B:B,user_prelist!E:E,"") -> Tri Melati | D6: 0 | E6: 0 | F6: 2 | G6: 0 | H6: 0 | I6: 0 | J6: 1 | K6: 0 | L6: 0 | M6: 0 | N6: 0 | O6: 1 | P6: 0 | Q6: 0 | R6: 0 | S6: 0 | T6: =SUM(E6:F6) -> 2 | U6: =SUM(J6:K6) -> 1 | V6: =SUM(T6:U6) -> 3
A7: [002] GUNUNG INTAN | B7: 6409010002000400 | C7: =_xlfn.XLOOKUP(B7,user_prelist!B:B,user_prelist!E:E,"") -> Khusnul Khoirini | D7: 0 | E7: 0 | F7: 4 | G7: 3 | H7: 0 | I7: 1 | J7: 25 | K7: 2 | L7: 0 | M7: 0 | N7: 0 | O7: 27 | P7: 0 | Q7: 0 | R7: 0 | S7: 0 | T7: =SUM(E7:F7) -> 4 | U7: =SUM(J7:K7) -> 27 | V7: =SUM(T7:U7) -> 31
A8: [002] GUNUNG INTAN | B8: 6409010002001000 | C8: =_xlfn.XLOOKUP(B8,user_prelist!B:B,user_prelist!E:E,"") -> Dela Puspita Sari | D8: 0 | E8: 0 | F8: 9 | G8: 1 | H8: 0 | I8: 0 | J8: 8 | K8: 2 | L8: 0 | M8: 0 | N8: 0 | O8: 4 | P8: 5 | Q8: 0 | R8: 0 | S8: 0 | T8: =SUM(E8:F8) -> 9 | U8: =SUM(J8:K8) -> 10 | V8: =SUM(T8:U8) -> 19
A9: [002] GUNUNG INTAN | B9: 6409010002001400 | C9: =_xlfn.XLOOKUP(B9,user_prelist!B:B,user_prelist!E:E,"") -> Pingki Dwi Lestari | D9: 0 | E9: 0 | F9: 6 | G9: 1 | H9: 1 | I9: 0 | J9: 10 | K9: 2 | L9: 0 | M9: 0 | N9: 0 | O9: 11 | P9: 0 | Q9: 0 | R9: 0 | S9: 0 | T9: =SUM(E9:F9) -> 6 | U9: =SUM(J9:K9) -> 12 | V9: =SUM(T9:U9) -> 18
A10: [002] GUNUNG INTAN | B10: 6409010002001900 | C10: =_xlfn.XLOOKUP(B10,user_prelist!B:B,user_prelist!E:E,"") -> Nur hayati | D10: 1 | E10: 0 | F10: 0 | G10: 0 | H10: 0 | I10: 0 | J10: 1 | K10: 1 | L10: 0 | M10: 0 | N10: 0 | O10: 2 | P10: 0 | Q10: 0 | R10: 0 | S10: 0 | T10: =SUM(E10:F10) -> 0 | U10: =SUM(J10:K10) -> 2 | V10: =SUM(T10:U10) -> 2
A11: [003] SUMBER SARI | B11: 6409010003000300 | C11: =_xlfn.XLOOKUP(B11,user_prelist!B:B,user_prelist!E:E,"") -> abdurrahman wahid | D11: 1 | E11: 0 | F11: 1 | G11: 0 | H11: 0 | I11: 0 | J11: 6 | K11: 2 | L11: 0 | M11: 0 | N11: 0 | O11: 8 | P11: 0 | Q11: 0 | R11: 0 | S11: 0 | T11: =SUM(E11:F11) -> 1 | U11: =SUM(J11:K11) -> 8 | V11: =SUM(T11:U11) -> 9
A12: [003] SUMBER SARI | B12: 6409010003001000 | C12: =_xlfn.XLOOKUP(B12,user_prelist!B:B,user_prelist!E:E,"") -> nor afsiah | D12: 0 | E12: 0 | F12: 0 | G12: 0 | H12: 0 | I12: 2 | J12: 2 | K12: 1 | L12: 1 | M12: 0 | N12: 0 | O12: 3 | P12: 0 | Q12: 0 | R12: 0 | S12: 0 | T12: =SUM(E12:F12) -> 0 | U12: =SUM(J12:K12) -> 3 | V12: =SUM(T12:U12) -> 3
A13: [005] RAWA MULIA | B13: 6409010005000200 | C13: =_xlfn.XLOOKUP(B13,user_prelist!B:B,user_prelist!E:E,"") -> Jabaluddin | D13: 0 | E13: 1 | F13: 2 | G13: 0 | H13: 0 | I13: 0 | J13: 4 | K13: 0 | L13: 0 | M13: 0 | N13: 0 | O13: 4 | P13: 0 | Q13: 0 | R13: 0 | S13: 0 | T13: =SUM(E13:F13) -> 3 | U13: =SUM(J13:K13) -> 4 | V13: =SUM(T13:U13) -> 7
... A94: [004] GIRI MUKTI | B94: 6409030004000500 | C94: =_xlfn.XLOOKUP(B94,user_prelist!B:B,user_prelist!E:E,"") -> ropah musrotin | D94: 2 | E94: 2 | F94: 21 | G94: 0 | H94: 0 | I94: 0 | J94: 16 | K94: 19 | L94: 0 | M94: 0 | N94: 0 | O94: 18 | P94: 12 | Q94: 0 | R94: 0 | S94: 0 | T94: =SUM(E94:F94) -> 23 | U94: =SUM(J94:K94) -> 35 | V94: =SUM(T94:U94) -> 58
B95: 6409030004000500 | C95: =_xlfn.XLOOKUP(B95,user_prelist!B:B,user_prelist!E:E,"") -> ropah musrotin | D95: 0 | E95: 0 | F95: 0 | G95: 0 | H95: 0 | I95: 0 | J95: 0 | K95: 0 | L95: 0 | M95: 0 | N95: 0 | O95: 0 | P95: 0 | Q95: 0 | R95: 0 | S95: 0 | T95: =SUM(E95:F95) -> 0 | U95: =SUM(J95:K95) -> 0 | V95: =SUM(T95:U95) -> 0
A96: [004] GIRI MUKTI | B96: 6409030004000800 | C96: =_xlfn.XLOOKUP(B96,user_prelist!B:B,user_prelist!E:E,"") -> siti surya alwi | D96: 0 | E96: 0 | F96: 0 | G96: 0 | H96: 0 | I96: 0 | J96: 0 | K96: 1 | L96: 0 | M96: 0 | N96: 0 | O96: 1 | P96: 0 | Q96: 0 | R96: 0 | S96: 0 | T96: =SUM(E96:F96) -> 0 | U96: =SUM(J96:K96) -> 1 | V96: =SUM(T96:U96) -> 1
A97: [004] GIRI MUKTI | B97: 6409030004000900 | C97: =_xlfn.XLOOKUP(B97,user_prelist!B:B,user_prelist!E:E,"") -> yunita wulandari | D97: 0 | E97: 0 | F97: 5 | G97: 2 | H97: 0 | I97: 1 | J97: 18 | K97: 2 | L97: 0 | M97: 0 | N97: 0 | O97: 20 | P97: 0 | Q97: 0 | R97: 0 | S97: 0 | T97: =SUM(E97:F97) -> 5 | U97: =SUM(J97:K97) -> 20 | V97: =SUM(T97:U97) -> 25
A98: [004] GIRI MUKTI | B98: 6409030004001001 | C98: =_xlfn.XLOOKUP(B98,user_prelist!B:B,user_prelist!E:E,"") -> reti cahaya | D98: 0 | E98: 0 | F98: 4 | G98: 0 | H98: 0 | I98: 0 | J98: 8 | K98: 0 | L98: 0 | M98: 0 | N98: 0 | O98: 8 | P98: 0 | Q98: 0 | R98: 0 | S98: 0 | T98: =SUM(E98:F98) -> 4 | U98: =SUM(J98:K98) -> 8 | V98: =SUM(T98:U98) -> 12
A99: [004] GIRI MUKTI | B99: 6409030004001100 | C99: =_xlfn.XLOOKUP(B99,user_prelist!B:B,user_prelist!E:E,"") -> reti cahaya | D99: 0 | E99: 0 | F99: 2 | G99: 0 | H99: 0 | I99: 0 | J99: 5 | K99: 2 | L99: 0 | M99: 0 | N99: 0 | O99: 7 | P99: 0 | Q99: 0 | R99: 0 | S99: 0 | T99: =SUM(E99:F99) -> 2 | U99: =SUM(J99:K99) -> 7 | V99: =SUM(T99:U99) -> 9
A100: [004] GIRI MUKTI | B100: 6409030004001402 | C100: =_xlfn.XLOOKUP(B100,user_prelist!B:B,user_prelist!E:E,"") -> yunita wulandari | D100: 0 | E100: 0 | F100: 0 | G100: 0 | H100: 0 | I100: 0 | J100: 0 | K100: 1 | L100: 0 | M100: 0 | N100: 0 | O100: 1 | P100: 0 | Q100: 0 | R100: 0 | S100: 0 | T100: =SUM(E100:F100) -> 0 | U100: =SUM(J100:K100) -> 1 | V100: =SUM(T100:U100) -> 1
A101: [005] LAWE-LAWE | B101: 6409030005000100 | C101: =_xlfn.XLOOKUP(B101,user_prelist!B:B,user_prelist!E:E,"") -> masrehat | D101: 3 | E101: 2 | F101: 1 | G101: 0 | H101: 0 | I101: 6 | J101: 7 | K101: 2 | L101: 0 | M101: 0 | N101: 0 | O101: 9 | P101: 0 | Q101: 0 | R101: 0 | S101: 0 | T101: =SUM(E101:F101) -> 3 | U101: =SUM(J101:K101) -> 9 | V101: =SUM(T101:U101) -> 12
A102: [005] LAWE-LAWE | B102: 6409030005000600 | C102: =_xlfn.XLOOKUP(B102,user_prelist!B:B,user_prelist!E:E,"") -> afna rowita | D102: 0 | E102: 0 | F102: 4 | G102: 0 | H102: 0 | I102: 0 | J102: 1 | K102: 0 | L102: 0 | M102: 0 | N102: 0 | O102: 1 | P102: 0 | Q102: 0 | R102: 0 | S102: 0 | T102: =SUM(E102:F102) -> 4 | U102: =SUM(J102:K102) -> 1 | V102: =SUM(T102:U102) -> 5
A103: [006] PEJALA | B103: 6409030006000100 | C103: =_xlfn.XLOOKUP(B103,user_prelist!B:B,user_prelist!E:E,"") -> Muhammad Nafis | D103: 0 | E103: 0 | F103: 0 | G103: 0 | H103: 0 | I103: 0 | J103: 4 | K103: 1 | L103: 0 | M103: 0 | N103: 0 | O103: 5 | P103: 0 | Q103: 0 | R103: 0 | S103: 0 | T103: =SUM(E103:F103) -> 0 | U103: =SUM(J103:K103) -> 5 | V103: =SUM(T103:U103) -> 5
A104: [006] PEJALA | B104: 6409030006000500 | C104: =_xlfn.XLOOKUP(B104,user_prelist!B:B,user_prelist!E:E,"") -> Muhammad Nafis | D104: 0 | E104: 0 | F104: 0 | G104: 0 | H104: 0 | I104: 0 | J104: 1 | K104: 0 | L104: 0 | M104: 0 | N104: 0 | O104: 0 | P104: 0 | Q104: 0 | R104: 0 | S104: 0 | T104: =SUM(E104:F104) -> 0 | U104: =SUM(J104:K104) -> 1 | V104: =SUM(T104:U104) -> 1
A105: [007] KAMPUNG BARU | B105: 6409030007000100 | C105: =_xlfn.XLOOKUP(B105,user_prelist!B:B,user_prelist!E:E,"") -> muhammad zaenuddin | D105: 5 | E105: 1 | F105: 10 | G105: 0 | H105: 0 | I105: 0 | J105: 16 | K105: 0 | L105: 0 | M105: 0 | N105: 0 | O105: 16 | P105: 0 | Q105: 0 | R105: 0 | S105: 0 | T105: =SUM(E105:F105) -> 11 | U105: =SUM(J105:K105) -> 16 | V105: =SUM(T105:U105) -> 27
A106: [008] SESUMPU | B106: 6409030008000400 | C106: =_xlfn.XLOOKUP(B106,user_prelist!B:B,user_prelist!E:E,"") -> Muhammad Nafis | D106: 0 | E106: 0 | F106: 4 | G106: 0 | H106: 0 | I106: 0 | J106: 4 | K106: 1 | L106: 0 | M106: 1 | N106: 0 | O106: 3 | P106: 0 | Q106: 0 | R106: 0 | S106: 0 | T106: =SUM(E106:F106) -> 4 | U106: =SUM(J106:K106) -> 5 | V106: =SUM(T106:U106) -> 9
A107: [009] SUNGAI PARIT | B107: 6409030009000102 | C107: =_xlfn.XLOOKUP(B107,user_prelist!B:B,user_prelist!E:E,"") -> Mochamad Bayhaqi Azzahabi | D107: 0 | E107: 0 | F107: 4 | G107: 0 | H107: 0 | I107: 0 | J107: 0 | K107: 3 | L107: 0 | M107: 0 | N107: 0 | O107: 3 | P107: 0 | Q107: 0 | R107: 0 | S107: 0 | T107: =SUM(E107:F107) -> 4 | U107: =SUM(J107:K107) -> 3 | V107: =SUM(T107:U107) -> 7
... A271: [015] BINUANG | B271: 6409040015000900 | C271: =_xlfn.XLOOKUP(B271,user_prelist!B:B,user_prelist!E:E,"") -> Siti Dwi Kusumawati | D271: 0 | E271: 0 | F271: 0 | G271: 0 | H271: 0 | I271: 0 | J271: 1 | K271: 0 | L271: 0 | M271: 0 | N271: 0 | O271: 1 | P271: 0 | Q271: 0 | R271: 0 | S271: 0 | T271: =SUM(E271:F271) -> 0 | U271: =SUM(J271:K271) -> 1 | V271: =SUM(T271:U271) -> 1

Sheet user_prelist
B2: 6409010001000100 | D2: SUHARTI | E2: LISTYA SRI SUSANTI | F2: hanifsuharti4@gmail.com | G2: listya1610@gmail.com
B3: 6409010001000200 | D3: SUHARTI | E3: LISTYA SRI SUSANTI | F3: hanifsuharti4@gmail.com | G3: listya1610@gmail.com
B4: 6409010001000300 | D4: SUHARTI | E4: LISTYA SRI SUSANTI | F4: hanifsuharti4@gmail.com | G4: listya1610@gmail.com
B5: 6409010001000400 | D5: SUHARTI | E5: LISTYA SRI SUSANTI | F5: hanifsuharti4@gmail.com | G5: listya1610@gmail.com
B6: 6409010001000500 | D6: SUHARTI | E6: LISTYA SRI SUSANTI | F6: hanifsuharti4@gmail.com | G6: listya1610@gmail.com
B7: 6409010001000600 | D7: SUHARTI | E7: Shelmeina Sutinah | F7: hanifsuharti4@gmail.com | G7: shelmeinasutinah07@gmail.com
B8: 6409010001000700 | D8: SUHARTI | E8: LISTYA SRI SUSANTI | F8: hanifsuharti4@gmail.com | G8: listya1610@gmail.com
B9: 6409010001000800 | D9: SUHARTI | E9: Shelmeina Sutinah | F9: hanifsuharti4@gmail.com | G9: shelmeinasutinah07@gmail.com
B10: 6409010001000900 | D10: SUHARTI | E10: Shelmeina Sutinah | F10: hanifsuharti4@gmail.com | G10: shelmeinasutinah07@gmail.com
B11: 6409010001001000 | D11: SUHARTI | E11: Shelmeina Sutinah | F11: hanifsuharti4@gmail.com | G11: shelmeinasutinah07@gmail.com
B12: 6409010001001100 | D12: SUHARTI | E12: Shelmeina Sutinah | F12: hanifsuharti4@gmail.com | G12: shelmeinasutinah07@gmail.com
B13: 6409010001001200 | D13: SUHARTI | E13: Shelmeina Sutinah | F13: hanifsuharti4@gmail.com | G13: shelmeinasutinah07@gmail.com
... B1096: 6409040015000900 | D1096: ruth | E1096: Siti Dwi Kusumawati | F1096: Ruthgraceo87@gmail.com | G1096: anishaazahrasulisty779@gmail.com
